nomClient;ecoSiret;motif
CULTURE MIEL;34329151400036;SORTANT
CIDRES LEBRUN;;SORTANT
BISCUITERIE DE PROVENCE;38238136600048;SORTANT
BOYAUDERIE SISTERONNAISE;33425815900014;SORTANT
ASSOCIATION BIOPARTENAIRE;;Biopartenaire (mutualisation)
ST HUBERT;;SORTANT
MULOT ET PETITJEAN;01575153000013;SORTANT
NUTRIANNE;;SORTANT
DUCS DE GASCOGNE;39562010700015;SORTANT
OVALIS;;SORTANT
HUILERIE EMILE NOEL;66020113800030;SORTANT
ICI&LA;;SORTANT
ESPROMER;;SORTANT
JLF;;SORTANT
RICA LEWIS;;SORTANT
TRIPES PAILLARD;;SORTANT
AMERICAN DESSERTS;50185556300018;SORTANT
LES GLACIERS PARISIENS (ALPEREL);81499482800022;SORTANT
BIO PROVENCE;51910501900037;SORTANT
FIMCO;;SORTANT
TERRA CERES;81175764000024;SORTANT
PAUL HEUMANN;71850193500024;SORTANT
KINDY PROJECT;;SORTANT
AQUITAINE SPECIALITES;;SORTANT
GROUPE ROUTHIAU;;SORTANT
